implementation,q,max_regions,min_size,user,system,elapsed,CPU,Swaps
python,28,8,0.001,4.34,1.19,0:05.80,95,0
python,28,8,0.0032500000000000003,4.3,1.01,0:04.31,123,0
python,28,8,0.0055000000000000005,4.3,0.89,0:04.16,124,0
python,28,8,0.007750000000000001,4.31,0.88,0:04.08,127,0
python,28,8,0.01,4.18,0.94,0:04.09,125,0
python,28,9,0.001,4.62,0.77,0:04.29,125,0
python,28,9,0.0032500000000000003,4.26,0.92,0:04.17,124,0
python,28,9,0.0055000000000000005,4.3,1.0,0:04.10,129,0
python,28,9,0.007750000000000001,4.42,0.85,0:04.12,127,0
python,28,9,0.01,4.33,0.93,0:04.22,125,0
python,28,10,0.001,4.2,0.96,0:04.08,126,0
python,28,10,0.0032500000000000003,4.38,0.82,0:04.12,126,0
python,28,10,0.0055000000000000005,4.39,0.88,0:04.07,129,0
python,28,10,0.007750000000000001,4.31,0.76,0:04.05,125,0
python,28,10,0.01,4.41,0.89,0:04.08,129,0
python,28,11,0.001,4.58,0.86,0:04.31,126,0
python,28,11,0.0032500000000000003,4.34,0.89,0:04.10,127,0
python,28,11,0.0055000000000000005,4.36,0.82,0:04.09,126,0
python,28,11,0.007750000000000001,4.13,0.97,0:04.10,124,0
python,28,11,0.01,4.31,0.87,0:04.11,126,0
python,28,12,0.001,4.24,0.93,0:04.04,128,0
python,28,12,0.0032500000000000003,4.71,0.8,0:04.43,124,0
python,28,12,0.0055000000000000005,4.35,0.81,0:04.16,124,0
python,28,12,0.007750000000000001,4.34,0.94,0:04.14,127,0
python,28,12,0.01,4.29,0.93,0:04.13,126,0
python,28,13,0.001,4.19,0.94,0:04.02,127,0
python,28,13,0.0032500000000000003,4.32,0.92,0:04.14,126,0
python,28,13,0.0055000000000000005,4.21,0.88,0:04.04,126,0
python,28,13,0.007750000000000001,4.23,0.93,0:04.08,126,0
python,28,13,0.01,4.16,0.96,0:04.02,127,0
python,28,14,0.001,4.43,0.88,0:04.15,128,0
python,28,14,0.0032500000000000003,4.41,0.86,0:04.15,127,0
python,28,14,0.0055000000000000005,4.33,0.86,0:04.13,125,0
python,28,14,0.007750000000000001,4.36,0.8,0:04.08,126,0
python,28,14,0.01,4.47,0.85,0:04.14,128,0
python,29,8,0.001,4.33,0.79,0:04.11,124,0
python,29,8,0.0032500000000000003,4.54,0.83,0:04.30,124,0
python,29,8,0.0055000000000000005,4.18,0.9,0:04.03,126,0
python,29,8,0.007750000000000001,4.12,0.97,0:04.07,125,0
python,29,8,0.01,4.23,0.86,0:04.06,125,0
python,29,9,0.001,4.27,0.81,0:04.04,126,0
python,29,9,0.0032500000000000003,4.32,0.82,0:04.03,127,0
python,29,9,0.0055000000000000005,4.27,0.79,0:04.05,125,0
python,29,9,0.007750000000000001,4.24,0.85,0:04.01,126,0
python,29,9,0.01,4.41,0.79,0:04.06,127,0
python,29,10,0.001,4.48,0.79,0:04.07,129,0
python,29,10,0.0032500000000000003,4.07,0.98,0:04.03,125,0
python,29,10,0.0055000000000000005,4.27,0.93,0:04.09,127,0
python,29,10,0.007750000000000001,4.32,0.85,0:04.14,125,0
python,29,10,0.01,4.53,0.73,0:04.15,126,0
python,29,11,0.001,4.27,0.98,0:04.14,127,0
python,29,11,0.0032500000000000003,4.43,0.81,0:04.06,129,0
python,29,11,0.0055000000000000005,4.38,0.85,0:04.13,126,0
python,29,11,0.007750000000000001,4.84,0.74,0:04.45,125,0
python,29,11,0.01,4.25,0.94,0:04.15,125,0
python,29,12,0.001,4.41,0.84,0:04.10,127,0
python,29,12,0.0032500000000000003,4.16,0.92,0:04.11,123,0
python,29,12,0.0055000000000000005,4.23,0.88,0:04.13,123,0
python,29,12,0.007750000000000001,4.57,0.84,0:04.48,120,0
python,29,12,0.01,4.66,0.93,0:04.54,123,0
python,29,13,0.001,4.96,0.98,0:04.86,122,0
python,29,13,0.0032500000000000003,4.68,0.87,0:04.45,124,0
python,29,13,0.0055000000000000005,4.34,0.92,0:04.14,127,0
python,29,13,0.007750000000000001,4.65,0.73,0:04.28,125,0
python,29,13,0.01,4.55,0.84,0:04.21,128,0
python,29,14,0.001,4.51,0.76,0:04.18,126,0
python,29,14,0.0032500000000000003,4.47,0.87,0:04.26,125,0
python,29,14,0.0055000000000000005,4.25,0.94,0:04.11,126,0
python,29,14,0.007750000000000001,4.31,0.8,0:04.08,125,0
python,29,14,0.01,4.28,0.92,0:04.13,125,0
python,30,8,0.001,4.5,0.81,0:04.21,126,0
python,30,8,0.0032500000000000003,4.25,0.9,0:04.11,125,0
python,30,8,0.0055000000000000005,4.48,0.74,0:04.20,124,0
python,30,8,0.007750000000000001,4.29,0.83,0:04.10,124,0
python,30,8,0.01,4.48,0.75,0:04.15,126,0
python,30,9,0.001,4.51,0.83,0:04.12,129,0
python,30,9,0.0032500000000000003,4.31,0.9,0:04.14,126,0
python,30,9,0.0055000000000000005,4.33,0.87,0:04.17,124,0
python,30,9,0.007750000000000001,4.24,0.99,0:04.06,128,0
python,30,9,0.01,4.21,0.92,0:04.10,125,0
python,30,10,0.001,4.45,0.79,0:04.17,125,0
python,30,10,0.0032500000000000003,4.27,0.84,0:04.07,125,0
python,30,10,0.0055000000000000005,4.19,0.95,0:04.03,127,0
python,30,10,0.007750000000000001,4.34,0.99,0:04.15,128,0
python,30,10,0.01,4.16,1.07,0:04.05,129,0
python,30,11,0.001,4.23,0.9,0:04.07,126,0
python,30,11,0.0032500000000000003,4.23,0.87,0:04.06,125,0
python,30,11,0.0055000000000000005,4.86,0.88,0:04.65,123,0
python,30,11,0.007750000000000001,4.92,0.76,0:04.63,122,0
python,30,11,0.01,4.97,0.77,0:04.54,126,0
python,30,12,0.001,4.38,0.96,0:04.32,123,0
python,30,12,0.0032500000000000003,4.4,0.89,0:04.26,124,0
python,30,12,0.0055000000000000005,4.36,0.88,0:04.24,123,0
python,30,12,0.007750000000000001,4.56,0.9,0:04.42,123,0
python,30,12,0.01,4.81,0.83,0:04.54,124,0
python,30,13,0.001,4.82,0.93,0:04.61,124,0
python,30,13,0.0032500000000000003,4.4,1.03,0:04.14,130,0
python,30,13,0.0055000000000000005,4.42,0.9,0:04.30,123,0
python,30,13,0.007750000000000001,4.38,0.95,0:04.29,124,0
python,30,13,0.01,4.46,0.78,0:04.13,126,0
python,30,14,0.001,4.48,0.77,0:04.09,128,0
python,30,14,0.0032500000000000003,4.32,0.83,0:04.07,126,0
python,30,14,0.0055000000000000005,4.38,0.9,0:04.16,127,0
python,30,14,0.007750000000000001,4.15,0.94,0:04.05,125,0
python,30,14,0.01,4.31,0.94,0:04.13,127,0
python,31,8,0.001,4.37,0.88,0:04.18,125,0
python,31,8,0.0032500000000000003,4.16,1.02,0:04.14,125,0
python,31,8,0.0055000000000000005,4.64,0.85,0:04.38,125,0
python,31,8,0.007750000000000001,4.55,0.88,0:04.31,126,0
python,31,8,0.01,4.42,0.84,0:04.16,126,0
python,31,9,0.001,4.55,0.74,0:04.18,126,0
python,31,9,0.0032500000000000003,4.25,1.0,0:04.11,127,0
python,31,9,0.0055000000000000005,4.25,0.88,0:04.16,123,0
python,31,9,0.007750000000000001,4.39,0.78,0:04.15,124,0
python,31,9,0.01,4.21,0.94,0:04.10,125,0
python,31,10,0.001,4.3,0.82,0:04.17,123,0
python,31,10,0.0032500000000000003,4.55,0.84,0:04.26,126,0
python,31,10,0.0055000000000000005,4.65,0.82,0:04.41,124,0
python,31,10,0.007750000000000001,4.88,0.95,0:04.77,122,0
python,31,10,0.01,4.41,0.81,0:04.19,124,0
python,31,11,0.001,4.39,0.81,0:04.17,124,0
python,31,11,0.0032500000000000003,4.43,0.89,0:04.34,122,0
python,31,11,0.0055000000000000005,4.68,0.89,0:04.43,125,0
python,31,11,0.007750000000000001,4.41,0.87,0:04.22,125,0
python,31,11,0.01,4.2,1.01,0:04.15,125,0
python,31,12,0.001,4.27,0.96,0:04.13,126,0
python,31,12,0.0032500000000000003,4.43,0.92,0:04.31,124,0
python,31,12,0.0055000000000000005,4.37,0.93,0:04.13,128,0
python,31,12,0.007750000000000001,4.3,0.93,0:04.10,127,0
python,31,12,0.01,4.31,0.92,0:04.12,126,0
python,31,13,0.001,4.31,0.82,0:04.17,123,0
python,31,13,0.0032500000000000003,4.42,0.84,0:04.12,127,0
python,31,13,0.0055000000000000005,4.36,0.84,0:04.12,126,0
python,31,13,0.007750000000000001,4.2,0.92,0:04.09,125,0
python,31,13,0.01,4.24,0.98,0:04.18,125,0
python,31,14,0.001,4.3,0.88,0:04.16,124,0
python,31,14,0.0032500000000000003,4.43,0.87,0:04.10,129,0
python,31,14,0.0055000000000000005,4.35,0.88,0:04.10,127,0
python,31,14,0.007750000000000001,4.36,0.93,0:04.08,129,0
python,31,14,0.01,4.38,0.87,0:04.08,128,0
python,32,8,0.001,4.36,0.91,0:04.22,125,0
python,32,8,0.0032500000000000003,4.23,1.04,0:04.10,128,0
python,32,8,0.0055000000000000005,4.26,0.98,0:04.07,128,0
python,32,8,0.007750000000000001,4.28,0.94,0:04.03,129,0
python,32,8,0.01,4.41,0.83,0:04.13,126,0
python,32,9,0.001,4.35,0.89,0:04.07,128,0
python,32,9,0.0032500000000000003,4.32,0.86,0:04.03,128,0
python,32,9,0.0055000000000000005,4.2,0.94,0:04.07,126,0
python,32,9,0.007750000000000001,4.19,0.99,0:04.03,128,0
python,32,9,0.01,4.26,0.92,0:04.08,127,0
python,32,10,0.001,4.23,0.91,0:04.04,127,0
python,32,10,0.0032500000000000003,4.36,0.82,0:04.06,127,0
python,32,10,0.0055000000000000005,4.25,0.98,0:04.07,128,0
python,32,10,0.007750000000000001,4.2,0.88,0:04.03,125,0
python,32,10,0.01,4.4,0.82,0:04.08,128,0
python,32,11,0.001,4.18,0.92,0:04.07,125,0
python,32,11,0.0032500000000000003,4.24,0.79,0:04.02,125,0
python,32,11,0.0055000000000000005,4.09,0.91,0:04.05,123,0
python,32,11,0.007750000000000001,4.28,0.87,0:04.09,125,0
python,32,11,0.01,4.34,0.89,0:04.07,128,0
python,32,12,0.001,4.44,0.86,0:04.11,128,0
python,32,12,0.0032500000000000003,4.17,0.88,0:04.09,123,0
python,32,12,0.0055000000000000005,4.32,0.83,0:04.06,126,0
python,32,12,0.007750000000000001,4.17,0.91,0:04.05,125,0
python,32,12,0.01,4.3,0.93,0:04.18,125,0
python,32,13,0.001,4.29,0.83,0:04.02,127,0
python,32,13,0.0032500000000000003,4.48,0.72,0:04.10,126,0
python,32,13,0.0055000000000000005,4.17,0.97,0:04.07,126,0
python,32,13,0.007750000000000001,4.35,0.89,0:04.15,126,0
python,32,13,0.01,4.41,0.89,0:04.10,129,0
python,32,14,0.001,4.19,0.88,0:04.09,123,0
python,32,14,0.0032500000000000003,4.29,0.98,0:04.21,125,0
python,32,14,0.0055000000000000005,4.54,0.85,0:04.40,122,0
python,32,14,0.007750000000000001,4.39,0.89,0:04.11,128,0
python,32,14,0.01,4.5,0.79,0:04.17,126,0
python,33,8,0.001,4.84,0.91,0:04.58,125,0
python,33,8,0.0032500000000000003,4.4,0.87,0:04.17,126,0
python,33,8,0.0055000000000000005,4.37,0.85,0:04.19,124,0
python,33,8,0.007750000000000001,4.43,0.85,0:04.17,127,0
python,33,8,0.01,4.56,0.82,0:04.32,124,0
python,33,9,0.001,4.64,0.83,0:04.43,123,0
python,33,9,0.0032500000000000003,4.3,0.81,0:04.12,124,0
python,33,9,0.0055000000000000005,4.39,0.89,0:04.33,122,0
python,33,9,0.007750000000000001,4.92,0.95,0:05.00,117,0
python,33,9,0.01,4.46,0.87,0:04.44,120,0
python,33,10,0.001,4.7,0.79,0:04.32,126,0
python,33,10,0.0032500000000000003,4.57,0.74,0:04.14,128,0
python,33,10,0.0055000000000000005,4.35,0.9,0:04.24,123,0
python,33,10,0.007750000000000001,4.23,0.94,0:04.15,124,0
python,33,10,0.01,4.41,0.9,0:04.22,126,0
python,33,11,0.001,4.23,0.84,0:04.09,123,0
python,33,11,0.0032500000000000003,4.78,0.77,0:04.49,123,0
python,33,11,0.0055000000000000005,4.32,0.88,0:04.17,124,0
python,33,11,0.007750000000000001,4.48,0.81,0:04.14,127,0
python,33,11,0.01,4.28,0.88,0:04.15,124,0
python,33,12,0.001,4.4,0.79,0:04.18,124,0
python,33,12,0.0032500000000000003,4.2,0.96,0:04.18,123,0
python,33,12,0.0055000000000000005,4.2,0.99,0:04.12,125,0
python,33,12,0.007750000000000001,4.35,0.8,0:04.19,122,0
python,33,12,0.01,4.36,0.96,0:04.13,128,0
python,33,13,0.001,4.28,0.89,0:04.12,125,0
python,33,13,0.0032500000000000003,4.47,0.82,0:04.16,127,0
python,33,13,0.0055000000000000005,4.28,0.9,0:04.10,126,0
python,33,13,0.007750000000000001,4.51,0.87,0:04.23,127,0
python,33,13,0.01,4.44,0.81,0:04.12,127,0
python,33,14,0.001,4.32,0.91,0:04.10,127,0
python,33,14,0.0032500000000000003,4.4,0.86,0:04.11,128,0
python,33,14,0.0055000000000000005,4.46,0.93,0:04.22,127,0
python,33,14,0.007750000000000001,4.42,0.88,0:04.09,129,0
python,33,14,0.01,4.34,0.85,0:04.15,125,0
python,34,8,0.001,4.38,0.94,0:04.13,128,0
python,34,8,0.0032500000000000003,4.53,0.91,0:04.27,127,0
python,34,8,0.0055000000000000005,4.42,0.83,0:04.10,128,0
python,34,8,0.007750000000000001,4.3,0.89,0:04.12,125,0
python,34,8,0.01,4.38,0.93,0:04.07,130,0
python,34,9,0.001,4.45,0.82,0:04.16,126,0
python,34,9,0.0032500000000000003,4.21,0.84,0:04.03,125,0
python,34,9,0.0055000000000000005,4.28,0.9,0:04.07,127,0
python,34,9,0.007750000000000001,4.07,1.0,0:04.01,126,0
python,34,9,0.01,4.26,0.93,0:04.05,128,0
python,34,10,0.001,4.29,0.85,0:04.06,126,0
python,34,10,0.0032500000000000003,4.36,0.96,0:04.16,127,0
python,34,10,0.0055000000000000005,4.17,1.0,0:04.12,125,0
python,34,10,0.007750000000000001,4.21,0.97,0:04.08,126,0
python,34,10,0.01,4.2,0.89,0:04.05,125,0
python,34,11,0.001,4.55,0.8,0:04.19,127,0
python,34,11,0.0032500000000000003,4.34,0.87,0:04.22,123,0
python,34,11,0.0055000000000000005,4.16,0.92,0:04.08,124,0
python,34,11,0.007750000000000001,4.43,0.85,0:04.17,126,0
python,34,11,0.01,4.3,0.91,0:04.19,124,0
python,34,12,0.001,4.34,0.87,0:04.19,124,0
python,34,12,0.0032500000000000003,4.39,0.91,0:04.27,124,0
python,34,12,0.0055000000000000005,4.54,0.81,0:04.36,122,0
python,34,12,0.007750000000000001,4.49,0.78,0:04.15,126,0
python,34,12,0.01,4.17,1.03,0:04.12,126,0
python,34,13,0.001,4.47,0.79,0:04.14,127,0
python,34,13,0.0032500000000000003,4.63,0.86,0:04.39,125,0
python,34,13,0.0055000000000000005,4.59,0.82,0:04.35,124,0
python,34,13,0.007750000000000001,4.41,0.86,0:04.13,127,0
python,34,13,0.01,4.4,0.8,0:04.14,125,0
python,34,14,0.001,4.57,0.82,0:04.22,127,0
python,34,14,0.0032500000000000003,4.23,0.91,0:04.20,122,0
python,34,14,0.0055000000000000005,4.37,0.85,0:04.19,124,0
python,34,14,0.007750000000000001,4.26,0.93,0:04.12,126,0
python,34,14,0.01,4.38,0.91,0:04.24,124,0
python,28,8,0.001,4.3,0.86,0:04.03,128,0
python,28,8,0.0032500000000000003,4.4,0.84,0:04.13,126,0
python,28,8,0.0055000000000000005,4.41,0.8,0:04.05,128,0
python,28,8,0.007750000000000001,4.32,0.9,0:04.10,127,0
python,28,8,0.01,4.33,0.79,0:04.09,125,0
python,28,9,0.001,4.31,0.9,0:04.14,125,0
python,28,9,0.0032500000000000003,4.34,0.89,0:04.03,129,0
python,28,9,0.0055000000000000005,4.41,0.95,0:04.19,127,0
python,28,9,0.007750000000000001,4.25,0.83,0:04.03,126,0
python,28,9,0.01,4.35,0.89,0:04.09,128,0
python,28,10,0.001,4.28,0.95,0:04.05,129,0
python,28,10,0.0032500000000000003,4.29,0.96,0:04.05,129,0
python,28,10,0.0055000000000000005,4.59,0.78,0:04.19,128,0
python,28,10,0.007750000000000001,4.21,0.91,0:04.05,126,0
python,28,10,0.01,4.42,0.85,0:04.14,127,0
python,28,11,0.001,4.24,0.88,0:03.98,128,0
python,28,11,0.0032500000000000003,4.37,0.81,0:04.20,123,0
python,28,11,0.0055000000000000005,4.26,1.04,0:04.10,129,0
python,28,11,0.007750000000000001,4.31,0.87,0:04.00,129,0
python,28,11,0.01,4.27,0.92,0:04.02,129,0
python,28,12,0.001,4.45,0.83,0:04.10,128,0
python,28,12,0.0032500000000000003,4.4,0.93,0:04.21,126,0
python,28,12,0.0055000000000000005,4.27,0.84,0:04.04,126,0
python,28,12,0.007750000000000001,4.32,0.88,0:04.02,129,0
python,28,12,0.01,4.32,0.84,0:03.97,129,0
python,28,13,0.001,4.36,0.75,0:03.98,128,0
python,28,13,0.0032500000000000003,4.2,0.92,0:03.98,128,0
python,28,13,0.0055000000000000005,4.13,0.92,0:03.98,127,0
python,28,13,0.007750000000000001,4.32,0.8,0:03.99,128,0
python,28,13,0.01,4.36,0.79,0:04.03,127,0
python,28,14,0.001,4.3,0.87,0:04.10,126,0
python,28,14,0.0032500000000000003,4.33,0.77,0:03.98,128,0
python,28,14,0.0055000000000000005,4.26,0.93,0:03.99,130,0
python,28,14,0.007750000000000001,4.29,0.68,0:03.95,125,0
python,28,14,0.01,4.16,0.89,0:03.99,126,0
python,29,8,0.001,4.46,0.77,0:04.08,128,0
python,29,8,0.0032500000000000003,4.19,0.92,0:04.10,124,0
python,29,8,0.0055000000000000005,4.2,0.93,0:04.05,126,0
python,29,8,0.007750000000000001,4.37,0.87,0:04.05,129,0
python,29,8,0.01,4.48,0.87,0:04.14,129,0
python,29,9,0.001,4.52,0.8,0:04.20,126,0
python,29,9,0.0032500000000000003,4.25,0.82,0:04.10,123,0
python,29,9,0.0055000000000000005,4.24,0.94,0:04.04,128,0
python,29,9,0.007750000000000001,4.51,0.87,0:04.22,127,0
python,29,9,0.01,4.35,0.84,0:04.13,126,0
python,29,10,0.001,4.37,0.85,0:04.14,126,0
python,29,10,0.0032500000000000003,4.43,0.81,0:04.10,128,0
python,29,10,0.0055000000000000005,4.16,0.84,0:04.01,124,0
python,29,10,0.007750000000000001,4.41,0.81,0:04.04,129,0
python,29,10,0.01,4.28,0.81,0:04.04,126,0
python,29,11,0.001,4.25,0.92,0:04.10,126,0
python,29,11,0.0032500000000000003,4.33,0.83,0:04.06,127,0
python,29,11,0.0055000000000000005,4.35,0.78,0:04.11,124,0
python,29,11,0.007750000000000001,4.17,0.94,0:04.09,125,0
python,29,11,0.01,4.0,0.96,0:03.99,124,0
python,29,12,0.001,4.46,0.74,0:04.08,127,0
python,29,12,0.0032500000000000003,4.26,0.92,0:04.03,128,0
python,29,12,0.0055000000000000005,4.15,0.87,0:04.00,125,0
python,29,12,0.007750000000000001,4.17,0.84,0:04.06,123,0
python,29,12,0.01,4.26,0.82,0:04.11,123,0
python,29,13,0.001,4.18,0.9,0:04.07,124,0
python,29,13,0.0032500000000000003,4.37,0.85,0:04.04,129,0
python,29,13,0.0055000000000000005,4.39,0.87,0:04.03,130,0
python,29,13,0.007750000000000001,4.38,0.7,0:04.02,126,0
python,29,13,0.01,4.64,0.91,0:04.36,127,0
python,29,14,0.001,4.24,0.88,0:04.02,127,0
python,29,14,0.0032500000000000003,4.14,0.86,0:04.04,124,0
python,29,14,0.0055000000000000005,4.27,0.92,0:04.06,127,0
python,29,14,0.007750000000000001,4.37,0.84,0:04.02,129,0
python,29,14,0.01,4.31,0.9,0:04.15,125,0
python,30,8,0.001,4.22,0.98,0:03.99,130,0
python,30,8,0.0032500000000000003,4.46,0.87,0:04.22,126,0
python,30,8,0.0055000000000000005,4.49,0.79,0:04.14,127,0
python,30,8,0.007750000000000001,4.23,0.92,0:03.99,129,0
python,30,8,0.01,4.27,0.84,0:04.06,125,0
python,30,9,0.001,4.36,0.85,0:04.12,126,0
python,30,9,0.0032500000000000003,4.12,0.87,0:04.02,124,0
python,30,9,0.0055000000000000005,4.46,0.77,0:04.12,126,0
python,30,9,0.007750000000000001,4.36,0.93,0:04.10,129,0
python,30,9,0.01,4.29,0.94,0:04.25,123,0
python,30,10,0.001,4.08,0.91,0:03.91,127,0
python,30,10,0.0032500000000000003,4.22,0.85,0:03.98,127,0
python,30,10,0.0055000000000000005,4.17,0.87,0:04.03,125,0
python,30,10,0.007750000000000001,4.09,1.02,0:04.10,124,0
python,30,10,0.01,4.58,0.84,0:04.30,125,0
python,30,11,0.001,4.12,0.89,0:04.02,124,0
python,30,11,0.0032500000000000003,4.48,0.75,0:04.07,128,0
python,30,11,0.0055000000000000005,4.36,0.82,0:03.96,131,0
python,30,11,0.007750000000000001,4.18,0.96,0:04.03,127,0
python,30,11,0.01,4.57,0.86,0:04.21,129,0
python,30,12,0.001,4.38,0.85,0:04.02,130,0
python,30,12,0.0032500000000000003,4.19,0.94,0:04.00,128,0
python,30,12,0.0055000000000000005,4.25,0.78,0:03.92,128,0
python,30,12,0.007750000000000001,4.21,0.89,0:04.02,126,0
python,30,12,0.01,4.35,0.81,0:04.07,126,0
python,30,13,0.001,4.19,0.94,0:04.13,124,0
python,30,13,0.0032500000000000003,4.38,0.77,0:04.04,127,0
python,30,13,0.0055000000000000005,4.34,0.89,0:04.18,124,0
python,30,13,0.007750000000000001,4.2,0.88,0:04.04,125,0
python,30,13,0.01,4.4,0.84,0:04.16,125,0
python,30,14,0.001,4.53,0.82,0:04.17,128,0
python,30,14,0.0032500000000000003,4.14,0.85,0:04.04,123,0
python,30,14,0.0055000000000000005,4.36,0.86,0:04.16,125,0
python,30,14,0.007750000000000001,4.22,0.79,0:04.01,125,0
python,30,14,0.01,4.26,0.93,0:04.06,127,0
python,31,8,0.001,4.32,0.83,0:04.18,123,0
python,31,8,0.0032500000000000003,4.27,0.91,0:04.02,128,0
python,31,8,0.0055000000000000005,4.15,0.95,0:04.06,125,0
python,31,8,0.007750000000000001,4.4,0.78,0:04.14,125,0
python,31,8,0.01,4.44,0.86,0:04.17,127,0
python,31,9,0.001,4.06,0.95,0:04.01,124,0
python,31,9,0.0032500000000000003,4.35,0.9,0:04.11,127,0
python,31,9,0.0055000000000000005,4.35,0.89,0:04.14,126,0
python,31,9,0.007750000000000001,4.25,0.88,0:03.99,128,0
python,31,9,0.01,4.1,0.94,0:03.99,126,0
python,31,10,0.001,4.45,0.81,0:04.08,128,0
python,31,10,0.0032500000000000003,4.21,0.91,0:04.03,127,0
python,31,10,0.0055000000000000005,4.31,0.84,0:04.08,126,0
python,31,10,0.007750000000000001,4.07,0.96,0:04.01,125,0
python,31,10,0.01,4.15,0.95,0:04.03,126,0
python,31,11,0.001,4.25,0.86,0:04.01,127,0
python,31,11,0.0032500000000000003,4.26,0.94,0:04.03,129,0
python,31,11,0.0055000000000000005,4.33,0.85,0:04.05,128,0
python,31,11,0.007750000000000001,4.39,0.85,0:04.09,128,0
python,31,11,0.01,4.39,0.87,0:04.06,129,0
python,31,12,0.001,4.3,0.87,0:04.07,127,0
python,31,12,0.0032500000000000003,4.45,0.77,0:04.09,127,0
python,31,12,0.0055000000000000005,4.07,0.95,0:04.03,124,0
python,31,12,0.007750000000000001,4.26,0.86,0:04.03,127,0
python,31,12,0.01,4.17,1.06,0:04.04,129,0
python,31,13,0.001,4.37,0.87,0:04.12,127,0
python,31,13,0.0032500000000000003,4.33,0.81,0:04.05,126,0
python,31,13,0.0055000000000000005,4.34,0.93,0:04.21,125,0
python,31,13,0.007750000000000001,4.38,0.79,0:04.04,128,0
python,31,13,0.01,4.5,0.95,0:04.28,127,0
python,31,14,0.001,4.3,0.98,0:04.11,128,0
python,31,14,0.0032500000000000003,4.53,0.86,0:04.18,128,0
python,31,14,0.0055000000000000005,4.42,0.99,0:04.50,120,0
python,31,14,0.007750000000000001,4.59,1.05,0:04.63,121,0
python,31,14,0.01,4.69,0.87,0:04.57,121,0
python,32,8,0.001,5.24,0.87,0:05.21,117,0
python,32,8,0.0032500000000000003,4.21,1.05,0:04.22,124,0
python,32,8,0.0055000000000000005,4.14,1.05,0:03.94,131,0
python,32,8,0.007750000000000001,4.44,0.95,0:04.22,127,0
python,32,8,0.01,4.46,1.01,0:04.38,125,0
python,32,9,0.001,4.37,0.89,0:04.09,128,0
python,32,9,0.0032500000000000003,4.39,0.85,0:04.13,127,0
python,32,9,0.0055000000000000005,4.66,0.82,0:04.27,128,0
python,32,9,0.007750000000000001,4.7,0.76,0:04.26,128,0
python,32,9,0.01,4.6,0.92,0:04.50,122,0
python,32,10,0.001,4.87,0.88,0:04.77,120,0
python,32,10,0.0032500000000000003,4.76,0.89,0:04.59,123,0
python,32,10,0.0055000000000000005,5.28,0.74,0:05.00,120,0
python,32,10,0.007750000000000001,5.23,0.86,0:05.02,121,0
python,32,10,0.01,4.59,0.95,0:04.50,123,0
python,32,11,0.001,4.62,0.94,0:04.40,126,0
python,32,11,0.0032500000000000003,4.22,0.86,0:04.12,123,0
python,32,11,0.0055000000000000005,4.25,0.9,0:04.06,127,0
python,32,11,0.007750000000000001,4.26,0.85,0:03.92,130,0
python,32,11,0.01,4.04,0.93,0:03.96,125,0
python,32,12,0.001,4.26,0.93,0:04.11,126,0
python,32,12,0.0032500000000000003,4.25,0.9,0:04.08,126,0
python,32,12,0.0055000000000000005,4.22,0.91,0:03.96,129,0
python,32,12,0.007750000000000001,4.27,0.89,0:04.13,125,0
python,32,12,0.01,4.49,0.82,0:04.24,125,0
python,32,13,0.001,4.74,1.04,0:04.62,125,0
python,32,13,0.0032500000000000003,4.38,0.82,0:04.13,126,0
python,32,13,0.0055000000000000005,4.08,0.9,0:03.97,125,0
python,32,13,0.007750000000000001,4.2,0.81,0:03.96,126,0
python,32,13,0.01,4.04,0.94,0:03.89,127,0
python,32,14,0.001,4.2,0.85,0:03.98,126,0
python,32,14,0.0032500000000000003,4.2,0.86,0:03.93,128,0
python,32,14,0.0055000000000000005,4.4,0.94,0:04.28,124,0
python,32,14,0.007750000000000001,5.13,0.86,0:04.79,125,0
python,32,14,0.01,4.79,0.85,0:04.53,124,0
python,33,8,0.001,4.74,0.91,0:04.56,124,0
python,33,8,0.0032500000000000003,4.34,0.92,0:04.20,125,0
python,33,8,0.0055000000000000005,4.0,0.96,0:03.93,126,0
python,33,8,0.007750000000000001,4.25,0.78,0:04.02,125,0
python,33,8,0.01,4.53,0.86,0:04.24,127,0
python,33,9,0.001,4.21,0.94,0:03.97,129,0
python,33,9,0.0032500000000000003,4.18,0.91,0:03.96,128,0
python,33,9,0.0055000000000000005,4.41,0.83,0:04.10,128,0
python,33,9,0.007750000000000001,4.41,0.73,0:03.98,129,0
python,33,9,0.01,4.01,0.97,0:03.87,128,0
python,33,10,0.001,4.14,0.9,0:03.90,129,0
python,33,10,0.0032500000000000003,4.06,1.02,0:03.89,130,0
python,33,10,0.0055000000000000005,4.13,0.83,0:03.89,127,0
python,33,10,0.007750000000000001,4.13,0.9,0:03.89,129,0
python,33,10,0.01,4.24,0.82,0:03.98,127,0
python,33,11,0.001,4.16,0.83,0:03.92,127,0
python,33,11,0.0032500000000000003,4.31,0.78,0:03.96,128,0
python,33,11,0.0055000000000000005,4.15,0.85,0:03.93,127,0
python,33,11,0.007750000000000001,4.26,0.83,0:03.98,127,0
python,33,11,0.01,4.21,0.92,0:03.94,130,0
python,33,12,0.001,4.28,0.88,0:03.97,129,0
python,33,12,0.0032500000000000003,4.44,0.85,0:04.16,127,0
python,33,12,0.0055000000000000005,4.22,0.94,0:04.05,127,0
python,33,12,0.007750000000000001,4.22,0.93,0:03.92,131,0
python,33,12,0.01,4.2,0.95,0:03.93,131,0
python,33,13,0.001,4.26,0.88,0:04.11,125,0
python,33,13,0.0032500000000000003,4.95,0.83,0:04.72,122,0
python,33,13,0.0055000000000000005,5.03,1.01,0:05.01,120,0
python,33,13,0.007750000000000001,4.59,1.02,0:04.66,120,0
python,33,13,0.01,4.77,0.91,0:04.63,122,0
python,33,14,0.001,4.38,0.8,0:04.18,123,0
python,33,14,0.0032500000000000003,4.59,0.87,0:04.35,125,0
python,33,14,0.0055000000000000005,4.35,0.87,0:04.16,125,0
python,33,14,0.007750000000000001,4.73,0.98,0:04.55,125,0
python,33,14,0.01,4.14,0.91,0:03.98,126,0
python,34,8,0.001,4.24,0.9,0:04.18,122,0
python,34,8,0.0032500000000000003,4.35,0.91,0:04.12,127,0
python,34,8,0.0055000000000000005,4.26,0.89,0:04.16,123,0
python,34,8,0.007750000000000001,4.22,0.83,0:04.13,122,0
python,34,8,0.01,4.24,0.79,0:04.09,123,0
python,34,9,0.001,4.21,0.95,0:04.10,125,0
python,34,9,0.0032500000000000003,4.29,0.86,0:04.14,124,0
python,34,9,0.0055000000000000005,4.23,0.94,0:04.12,125,0
python,34,9,0.007750000000000001,4.34,0.84,0:04.12,125,0
python,34,9,0.01,4.39,0.91,0:04.16,127,0
python,34,10,0.001,4.28,0.85,0:04.10,124,0
python,34,10,0.0032500000000000003,4.15,0.96,0:04.04,126,0
python,34,10,0.0055000000000000005,4.29,0.92,0:04.14,125,0
python,34,10,0.007750000000000001,4.31,0.83,0:04.13,124,0
python,34,10,0.01,4.47,0.93,0:04.44,121,0
python,34,11,0.001,4.39,0.88,0:04.06,129,0
python,34,11,0.0032500000000000003,4.38,0.8,0:04.16,124,0
python,34,11,0.0055000000000000005,4.25,0.95,0:04.09,127,0
python,34,11,0.007750000000000001,4.3,0.83,0:04.06,126,0
python,34,11,0.01,4.09,0.91,0:03.93,127,0
python,34,12,0.001,4.11,0.96,0:04.08,124,0
python,34,12,0.0032500000000000003,4.4,0.79,0:04.07,127,0
python,34,12,0.0055000000000000005,4.25,0.88,0:04.06,126,0
python,34,12,0.007750000000000001,4.31,0.91,0:04.04,129,0
python,34,12,0.01,4.33,0.8,0:04.06,126,0
python,34,13,0.001,4.5,0.73,0:04.06,128,0
python,34,13,0.0032500000000000003,4.18,0.88,0:04.01,126,0
python,34,13,0.0055000000000000005,4.23,0.9,0:04.05,126,0
python,34,13,0.007750000000000001,4.41,0.93,0:04.23,126,0
python,34,13,0.01,4.35,0.96,0:04.26,124,0
python,34,14,0.001,4.2,0.87,0:04.03,126,0
python,34,14,0.0032500000000000003,4.34,0.8,0:04.04,127,0
python,34,14,0.0055000000000000005,4.14,0.95,0:03.99,127,0
python,34,14,0.007750000000000001,4.32,0.86,0:04.04,128,0
python,34,14,0.01,4.08,0.89,0:03.98,125,0
python,28,8,0.001,4.03,0.97,0:03.92,127,0
python,28,8,0.0032500000000000003,4.3,0.93,0:04.04,129,0
python,28,8,0.0055000000000000005,4.27,0.87,0:03.97,129,0
python,28,8,0.007750000000000001,4.16,0.85,0:04.02,124,0
python,28,8,0.01,4.19,0.87,0:03.98,127,0
python,28,9,0.001,4.08,0.98,0:03.93,128,0
python,28,9,0.0032500000000000003,4.33,0.78,0:03.96,129,0
python,28,9,0.0055000000000000005,4.03,0.95,0:03.93,126,0
python,28,9,0.007750000000000001,4.13,0.85,0:04.01,124,0
python,28,9,0.01,4.03,1.11,0:04.06,126,0
python,28,10,0.001,4.21,0.92,0:03.97,129,0
python,28,10,0.0032500000000000003,4.01,0.91,0:03.87,127,0
python,28,10,0.0055000000000000005,4.36,0.73,0:03.87,131,0
python,28,10,0.007750000000000001,4.23,0.82,0:04.01,125,0
python,28,10,0.01,4.68,0.93,0:04.54,123,0
python,28,11,0.001,4.46,0.85,0:04.13,128,0
python,28,11,0.0032500000000000003,4.27,0.94,0:04.01,129,0
python,28,11,0.0055000000000000005,4.22,0.83,0:03.95,127,0
python,28,11,0.007750000000000001,4.15,0.94,0:03.93,129,0
python,28,11,0.01,4.1,0.95,0:03.95,127,0
python,28,12,0.001,4.24,0.87,0:03.96,129,0
python,28,12,0.0032500000000000003,4.21,0.91,0:03.96,129,0
python,28,12,0.0055000000000000005,4.04,0.91,0:03.90,126,0
python,28,12,0.007750000000000001,4.42,0.89,0:04.16,127,0
python,28,12,0.01,4.34,0.93,0:04.23,124,0
python,28,13,0.001,4.28,0.99,0:04.23,124,0
python,28,13,0.0032500000000000003,4.1,1.0,0:03.98,128,0
python,28,13,0.0055000000000000005,4.23,0.81,0:04.02,125,0
python,28,13,0.007750000000000001,4.37,0.88,0:04.10,128,0
python,28,13,0.01,4.07,0.92,0:03.98,125,0
python,28,14,0.001,4.28,0.83,0:03.98,128,0
python,28,14,0.0032500000000000003,4.4,0.81,0:04.13,126,0
python,28,14,0.0055000000000000005,4.42,0.9,0:04.28,124,0
python,28,14,0.007750000000000001,4.47,0.89,0:04.15,129,0
python,28,14,0.01,4.24,0.86,0:04.03,126,0
python,29,8,0.001,4.3,0.88,0:04.07,127,0
python,29,8,0.0032500000000000003,4.34,0.84,0:04.05,127,0
python,29,8,0.0055000000000000005,4.37,0.88,0:04.18,125,0
python,29,8,0.007750000000000001,4.24,0.85,0:04.00,127,0
python,29,8,0.01,4.18,0.82,0:03.96,126,0
python,29,9,0.001,4.2,0.94,0:04.05,126,0
python,29,9,0.0032500000000000003,4.2,0.93,0:04.08,125,0
python,29,9,0.0055000000000000005,4.2,0.85,0:03.99,126,0
python,29,9,0.007750000000000001,4.24,0.93,0:03.94,131,0
python,29,9,0.01,4.18,0.93,0:03.96,129,0
python,29,10,0.001,4.28,0.92,0:04.02,129,0
python,29,10,0.0032500000000000003,4.27,0.85,0:03.96,129,0
python,29,10,0.0055000000000000005,4.29,0.78,0:03.94,128,0
python,29,10,0.007750000000000001,4.36,0.8,0:03.97,130,0
python,29,10,0.01,4.32,0.84,0:04.01,128,0
python,29,11,0.001,4.19,0.79,0:03.96,125,0
python,29,11,0.0032500000000000003,4.16,0.88,0:04.00,126,0
python,29,11,0.0055000000000000005,4.31,0.77,0:04.01,126,0
python,29,11,0.007750000000000001,4.28,0.87,0:03.95,130,0
python,29,11,0.01,4.07,0.95,0:03.91,128,0
python,29,12,0.001,4.35,0.78,0:04.12,124,0
python,29,12,0.0032500000000000003,4.06,0.88,0:03.93,125,0
python,29,12,0.0055000000000000005,4.25,0.84,0:04.04,126,0
python,29,12,0.007750000000000001,4.22,0.85,0:03.90,129,0
python,29,12,0.01,4.22,0.85,0:03.97,128,0
python,29,13,0.001,4.08,0.87,0:03.96,125,0
python,29,13,0.0032500000000000003,4.26,0.82,0:03.96,128,0
python,29,13,0.0055000000000000005,4.11,0.89,0:03.92,127,0
python,29,13,0.007750000000000001,4.53,0.76,0:04.06,130,0
python,29,13,0.01,4.33,0.87,0:03.98,130,0
python,29,14,0.001,4.05,0.96,0:03.90,128,0
python,29,14,0.0032500000000000003,4.27,0.77,0:03.91,129,0
python,29,14,0.0055000000000000005,4.32,0.83,0:03.96,130,0
python,29,14,0.007750000000000001,4.13,0.91,0:03.94,127,0
python,29,14,0.01,5.0,0.85,0:04.76,122,0
python,30,8,0.001,4.21,0.95,0:04.03,128,0
python,30,8,0.0032500000000000003,4.2,0.88,0:03.92,129,0
python,30,8,0.0055000000000000005,4.06,0.86,0:03.91,126,0
python,30,8,0.007750000000000001,4.34,1.0,0:04.35,122,0
python,30,8,0.01,4.13,0.92,0:03.96,127,0
python,30,9,0.001,4.1,0.87,0:03.85,128,0
python,30,9,0.0032500000000000003,4.28,0.98,0:04.08,128,0
python,30,9,0.0055000000000000005,4.41,0.77,0:04.01,129,0
python,30,9,0.007750000000000001,4.02,0.95,0:03.91,127,0
python,30,9,0.01,4.08,0.93,0:03.92,127,0
python,30,10,0.001,4.36,0.82,0:03.94,131,0
python,30,10,0.0032500000000000003,4.28,0.86,0:03.97,129,0
python,30,10,0.0055000000000000005,4.36,0.85,0:04.00,130,0
python,30,10,0.007750000000000001,4.14,0.95,0:03.90,130,0
python,30,10,0.01,4.15,0.84,0:03.96,126,0
python,30,11,0.001,4.24,0.78,0:03.94,127,0
python,30,11,0.0032500000000000003,4.21,0.86,0:03.98,127,0
python,30,11,0.0055000000000000005,4.28,0.93,0:04.06,128,0
python,30,11,0.007750000000000001,4.26,0.78,0:03.97,127,0
python,30,11,0.01,4.03,0.99,0:04.06,123,0
python,30,12,0.001,4.12,0.93,0:03.96,127,0
python,30,12,0.0032500000000000003,4.45,0.86,0:04.25,125,0
python,30,12,0.0055000000000000005,4.11,0.89,0:04.02,124,0
python,30,12,0.007750000000000001,4.39,0.84,0:04.15,126,0
python,30,12,0.01,4.21,0.82,0:03.94,127,0
python,30,13,0.001,4.33,0.86,0:04.04,128,0
python,30,13,0.0032500000000000003,4.07,0.84,0:03.95,124,0
python,30,13,0.0055000000000000005,4.11,0.89,0:04.01,124,0
python,30,13,0.007750000000000001,4.47,0.84,0:04.12,128,0
python,30,13,0.01,4.38,0.8,0:04.02,128,0
python,30,14,0.001,4.32,0.79,0:04.03,126,0
python,30,14,0.0032500000000000003,4.49,0.82,0:04.11,129,0
python,30,14,0.0055000000000000005,4.31,0.82,0:03.97,129,0
python,30,14,0.007750000000000001,4.1,0.91,0:03.92,127,0
python,30,14,0.01,4.3,0.89,0:04.02,129,0
python,31,8,0.001,4.39,0.8,0:03.95,131,0
python,31,8,0.0032500000000000003,4.34,1.08,0:04.25,127,0
python,31,8,0.0055000000000000005,4.33,0.84,0:04.04,128,0
python,31,8,0.007750000000000001,4.12,0.91,0:03.93,128,0
python,31,8,0.01,3.9,1.0,0:03.87,126,0
python,31,9,0.001,4.09,1.02,0:03.92,130,0
python,31,9,0.0032500000000000003,4.34,0.78,0:03.94,129,0
python,31,9,0.0055000000000000005,4.27,0.92,0:03.99,130,0
python,31,9,0.007750000000000001,4.29,0.75,0:03.96,127,0
python,31,9,0.01,4.27,0.9,0:03.96,130,0
python,31,10,0.001,4.16,0.85,0:03.94,127,0
python,31,10,0.0032500000000000003,4.1,0.95,0:03.92,128,0
python,31,10,0.0055000000000000005,4.18,0.84,0:03.93,127,0
python,31,10,0.007750000000000001,4.07,0.85,0:03.87,127,0
python,31,10,0.01,4.24,0.89,0:03.99,128,0
python,31,11,0.001,4.23,0.89,0:03.94,130,0
python,31,11,0.0032500000000000003,4.01,0.95,0:03.91,126,0
python,31,11,0.0055000000000000005,4.29,0.94,0:03.97,131,0
python,31,11,0.007750000000000001,4.16,0.96,0:04.12,124,0
python,31,11,0.01,4.34,0.7,0:03.92,128,0
python,31,12,0.001,4.09,0.9,0:03.87,129,0
python,31,12,0.0032500000000000003,4.27,1.0,0:04.11,128,0
python,31,12,0.0055000000000000005,4.26,0.85,0:03.98,128,0
python,31,12,0.007750000000000001,4.31,0.81,0:03.98,128,0
python,31,12,0.01,4.31,0.72,0:04.02,125,0
python,31,13,0.001,4.22,0.78,0:03.96,126,0
python,31,13,0.0032500000000000003,4.29,0.95,0:04.23,123,0
python,31,13,0.0055000000000000005,3.93,1.01,0:03.91,126,0
python,31,13,0.007750000000000001,4.31,0.84,0:03.96,130,0
python,31,13,0.01,4.53,0.86,0:04.38,123,0
python,31,14,0.001,4.18,0.79,0:03.89,128,0
python,31,14,0.0032500000000000003,4.28,0.88,0:04.09,126,0
python,31,14,0.0055000000000000005,4.46,0.82,0:04.08,129,0
python,31,14,0.007750000000000001,4.29,0.81,0:03.90,130,0
python,31,14,0.01,4.0,1.03,0:03.87,129,0
python,32,8,0.001,4.08,0.95,0:03.87,130,0
python,32,8,0.0032500000000000003,4.22,0.85,0:03.92,129,0
python,32,8,0.0055000000000000005,4.37,0.86,0:03.97,131,0
python,32,8,0.007750000000000001,4.28,0.88,0:03.92,131,0
python,32,8,0.01,4.09,1.02,0:04.02,127,0
python,32,9,0.001,4.23,0.86,0:03.98,127,0
python,32,9,0.0032500000000000003,4.25,0.88,0:03.98,129,0
python,32,9,0.0055000000000000005,4.07,0.91,0:03.96,125,0
python,32,9,0.007750000000000001,4.36,0.84,0:04.14,125,0
python,32,9,0.01,4.27,0.9,0:04.07,127,0
python,32,10,0.001,4.08,0.91,0:03.93,126,0
python,32,10,0.0032500000000000003,4.33,0.86,0:04.23,122,0
python,32,10,0.0055000000000000005,4.14,0.89,0:04.00,125,0
python,32,10,0.007750000000000001,4.33,0.88,0:04.11,126,0
python,32,10,0.01,4.25,0.91,0:04.11,125,0
python,32,11,0.001,4.33,0.85,0:04.08,126,0
python,32,11,0.0032500000000000003,4.25,0.82,0:03.99,127,0
python,32,11,0.0055000000000000005,4.21,0.94,0:03.96,129,0
python,32,11,0.007750000000000001,3.98,0.98,0:03.95,125,0
python,32,11,0.01,4.23,0.92,0:04.05,127,0
python,32,12,0.001,4.21,0.89,0:04.00,127,0
python,32,12,0.0032500000000000003,4.13,0.9,0:03.96,127,0
python,32,12,0.0055000000000000005,4.21,0.89,0:04.03,126,0
python,32,12,0.007750000000000001,4.27,0.87,0:04.00,128,0
python,32,12,0.01,4.27,0.77,0:03.98,126,0
python,32,13,0.001,4.21,0.82,0:03.95,127,0
python,32,13,0.0032500000000000003,4.31,0.88,0:04.02,129,0
python,32,13,0.0055000000000000005,4.15,0.85,0:03.98,125,0
python,32,13,0.007750000000000001,3.99,1.01,0:03.96,126,0
python,32,13,0.01,4.06,0.95,0:03.95,127,0
python,32,14,0.001,4.31,0.82,0:04.00,128,0
python,32,14,0.0032500000000000003,4.3,1.05,0:04.17,128,0
python,32,14,0.0055000000000000005,4.47,0.78,0:04.16,126,0
python,32,14,0.007750000000000001,4.22,0.84,0:03.91,129,0
python,32,14,0.01,4.11,1.01,0:03.97,128,0
python,33,8,0.001,4.36,0.79,0:03.96,130,0
python,33,8,0.0032500000000000003,4.02,0.99,0:03.95,127,0
python,33,8,0.0055000000000000005,4.22,0.82,0:03.91,129,0
python,33,8,0.007750000000000001,4.0,1.05,0:03.90,129,0
python,33,8,0.01,4.34,0.94,0:04.16,127,0
python,33,9,0.001,4.06,0.97,0:03.92,128,0
python,33,9,0.0032500000000000003,4.45,0.86,0:04.10,129,0
python,33,9,0.0055000000000000005,4.13,0.93,0:03.97,127,0
python,33,9,0.007750000000000001,4.25,0.93,0:04.11,126,0
python,33,9,0.01,4.15,0.9,0:03.99,126,0
python,33,10,0.001,4.31,0.91,0:04.03,129,0
python,33,10,0.0032500000000000003,4.28,0.99,0:04.27,123,0
python,33,10,0.0055000000000000005,4.39,0.86,0:04.11,127,0
python,33,10,0.007750000000000001,4.12,0.92,0:03.96,127,0
python,33,10,0.01,4.45,0.73,0:04.01,129,0
python,33,11,0.001,4.27,0.88,0:03.93,131,0
python,33,11,0.0032500000000000003,4.11,0.91,0:03.98,126,0
python,33,11,0.0055000000000000005,4.14,0.89,0:03.96,127,0
python,33,11,0.007750000000000001,4.41,0.82,0:04.00,130,0
python,33,11,0.01,4.35,0.91,0:04.06,129,0
python,33,12,0.001,4.31,0.89,0:03.96,131,0
python,33,12,0.0032500000000000003,4.11,0.95,0:03.91,129,0
python,33,12,0.0055000000000000005,4.19,0.88,0:03.94,128,0
python,33,12,0.007750000000000001,4.32,0.78,0:03.94,129,0
python,33,12,0.01,4.09,0.83,0:03.91,125,0
python,33,13,0.001,4.19,0.93,0:03.96,129,0
python,33,13,0.0032500000000000003,4.14,0.94,0:04.03,125,0
python,33,13,0.0055000000000000005,4.47,0.82,0:04.10,129,0
python,33,13,0.007750000000000001,4.33,0.83,0:03.96,130,0
python,33,13,0.01,4.28,0.98,0:04.08,129,0
python,33,14,0.001,4.42,0.78,0:04.01,129,0
python,33,14,0.0032500000000000003,4.14,0.91,0:04.00,126,0
python,33,14,0.0055000000000000005,4.24,0.8,0:04.00,125,0
python,33,14,0.007750000000000001,4.52,0.89,0:04.24,127,0
python,33,14,0.01,4.15,0.91,0:03.94,128,0
python,34,8,0.001,4.27,0.8,0:03.99,127,0
python,34,8,0.0032500000000000003,4.05,0.9,0:03.99,124,0
python,34,8,0.0055000000000000005,4.15,0.89,0:04.04,125,0
python,34,8,0.007750000000000001,4.09,0.92,0:04.04,123,0
python,34,8,0.01,4.08,0.97,0:03.99,126,0
python,34,9,0.001,4.25,0.91,0:04.05,127,0
python,34,9,0.0032500000000000003,4.08,0.92,0:03.95,126,0
python,34,9,0.0055000000000000005,4.15,0.89,0:04.04,124,0
python,34,9,0.007750000000000001,4.18,0.91,0:04.02,126,0
python,34,9,0.01,4.87,0.86,0:04.65,123,0
python,34,10,0.001,4.31,0.9,0:04.06,128,0
python,34,10,0.0032500000000000003,4.32,0.85,0:03.99,129,0
python,34,10,0.0055000000000000005,4.17,0.83,0:03.97,125,0
python,34,10,0.007750000000000001,4.38,0.74,0:03.96,129,0
python,34,10,0.01,4.23,0.9,0:03.95,129,0
python,34,11,0.001,4.3,0.81,0:04.00,127,0
python,34,11,0.0032500000000000003,4.11,1.03,0:03.98,129,0
python,34,11,0.0055000000000000005,4.28,0.73,0:03.93,127,0
python,34,11,0.007750000000000001,4.12,0.92,0:04.01,125,0
python,34,11,0.01,4.26,0.92,0:04.10,126,0
python,34,12,0.001,4.24,0.91,0:03.95,130,0
python,34,12,0.0032500000000000003,4.21,0.89,0:04.03,126,0
python,34,12,0.0055000000000000005,4.22,0.85,0:03.95,128,0
python,34,12,0.007750000000000001,4.37,0.77,0:03.98,129,0
python,34,12,0.01,4.25,0.82,0:04.06,125,0
python,34,13,0.001,4.26,0.83,0:04.05,125,0
python,34,13,0.0032500000000000003,4.07,0.91,0:03.94,126,0
python,34,13,0.0055000000000000005,4.26,0.79,0:03.90,129,0
python,34,13,0.007750000000000001,4.3,0.79,0:03.94,129,0
python,34,13,0.01,4.21,0.81,0:03.92,128,0
python,34,14,0.001,4.16,0.94,0:03.94,129,0
python,34,14,0.0032500000000000003,4.35,0.78,0:03.92,130,0
python,34,14,0.0055000000000000005,4.26,0.92,0:04.08,126,0
python,34,14,0.007750000000000001,4.42,0.77,0:04.02,129,0
python,34,14,0.01,4.14,0.88,0:03.94,127,0
python,28,8,0.001,4.27,0.83,0:03.94,129,0
python,28,8,0.0032500000000000003,4.33,0.88,0:04.18,124,0
python,28,8,0.0055000000000000005,4.36,0.84,0:04.04,128,0
python,28,8,0.007750000000000001,4.05,0.92,0:03.94,126,0
python,28,8,0.01,4.34,0.88,0:04.09,127,0
python,28,9,0.001,4.09,0.9,0:03.97,125,0
python,28,9,0.0032500000000000003,4.32,0.86,0:03.98,130,0
python,28,9,0.0055000000000000005,4.18,0.9,0:03.95,128,0
python,28,9,0.007750000000000001,4.19,0.88,0:03.99,127,0
python,28,9,0.01,4.02,1.01,0:03.91,128,0
python,28,10,0.001,4.17,1.01,0:04.05,128,0
python,28,10,0.0032500000000000003,4.6,0.84,0:04.40,123,0
python,28,10,0.0055000000000000005,4.38,0.84,0:04.02,129,0
python,28,10,0.007750000000000001,4.06,0.87,0:03.94,125,0
python,28,10,0.01,4.35,0.81,0:03.96,130,0
python,28,11,0.001,4.21,0.88,0:03.95,128,0
python,28,11,0.0032500000000000003,4.14,0.91,0:03.96,127,0
python,28,11,0.0055000000000000005,4.32,0.86,0:03.97,130,0
python,28,11,0.007750000000000001,4.24,0.82,0:03.97,127,0
python,28,11,0.01,4.36,0.86,0:04.02,129,0
python,28,12,0.001,4.27,0.89,0:03.99,129,0
python,28,12,0.0032500000000000003,4.1,0.92,0:03.96,126,0
python,28,12,0.0055000000000000005,4.22,0.94,0:03.99,129,0
python,28,12,0.007750000000000001,4.08,0.98,0:04.02,126,0
python,28,12,0.01,4.32,0.87,0:04.06,127,0
python,28,13,0.001,4.07,0.9,0:04.01,124,0
python,28,13,0.0032500000000000003,4.2,0.81,0:03.99,125,0
python,28,13,0.0055000000000000005,4.37,0.85,0:04.09,127,0
python,28,13,0.007750000000000001,4.09,0.95,0:04.04,124,0
python,28,13,0.01,4.4,0.8,0:04.19,124,0
python,28,14,0.001,4.16,0.96,0:04.06,126,0
python,28,14,0.0032500000000000003,4.41,0.94,0:04.24,126,0
python,28,14,0.0055000000000000005,4.01,0.91,0:03.97,124,0
python,28,14,0.007750000000000001,4.32,0.81,0:03.99,128,0
python,28,14,0.01,4.17,0.92,0:04.07,125,0
python,29,8,0.001,4.37,0.82,0:03.98,130,0
python,29,8,0.0032500000000000003,4.32,0.84,0:03.95,130,0
python,29,8,0.0055000000000000005,4.29,0.89,0:03.98,130,0
python,29,8,0.007750000000000001,4.11,0.88,0:03.98,125,0
python,29,8,0.01,4.28,0.83,0:04.05,126,0
python,29,9,0.001,4.22,0.94,0:04.03,128,0
python,29,9,0.0032500000000000003,4.09,0.97,0:03.95,128,0
python,29,9,0.0055000000000000005,4.15,0.84,0:03.91,128,0
python,29,9,0.007750000000000001,4.15,0.78,0:03.96,124,0
python,29,9,0.01,4.27,0.75,0:03.94,127,0
python,29,10,0.001,4.37,0.84,0:04.04,128,0
python,29,10,0.0032500000000000003,4.31,0.8,0:03.97,128,0
python,29,10,0.0055000000000000005,4.32,0.8,0:03.93,130,0
python,29,10,0.007750000000000001,4.17,0.91,0:03.94,129,0
python,29,10,0.01,4.55,0.92,0:04.26,128,0
python,29,11,0.001,4.15,0.85,0:03.88,128,0
python,29,11,0.0032500000000000003,4.48,0.85,0:04.29,124,0
python,29,11,0.0055000000000000005,4.24,0.87,0:03.94,129,0
python,29,11,0.007750000000000001,4.15,0.95,0:03.97,128,0
python,29,11,0.01,4.27,0.8,0:03.97,127,0
python,29,12,0.001,4.11,0.92,0:03.93,128,0
python,29,12,0.0032500000000000003,4.07,0.89,0:03.93,126,0
python,29,12,0.0055000000000000005,4.11,0.94,0:04.00,126,0
python,29,12,0.007750000000000001,4.07,1.02,0:03.97,128,0
python,29,12,0.01,4.33,0.85,0:04.03,128,0
python,29,13,0.001,4.05,0.99,0:03.96,127,0
python,29,13,0.0032500000000000003,4.31,0.79,0:03.99,127,0
python,29,13,0.0055000000000000005,4.34,0.81,0:03.94,130,0
python,29,13,0.007750000000000001,4.19,0.85,0:03.95,127,0
python,29,13,0.01,4.12,0.94,0:04.03,125,0
python,29,14,0.001,4.13,0.82,0:03.92,126,0
python,29,14,0.0032500000000000003,4.14,0.8,0:03.87,127,0
python,29,14,0.0055000000000000005,4.29,0.83,0:03.89,131,0
python,29,14,0.007750000000000001,3.99,0.95,0:03.90,126,0
python,29,14,0.01,4.1,0.85,0:03.87,127,0
python,30,8,0.001,4.3,0.82,0:03.90,131,0
python,30,8,0.0032500000000000003,4.18,0.87,0:03.88,130,0
python,30,8,0.0055000000000000005,4.2,0.88,0:03.95,128,0
python,30,8,0.007750000000000001,4.23,0.83,0:03.90,129,0
python,30,8,0.01,4.33,0.79,0:03.90,131,0
python,30,9,0.001,4.42,0.71,0:03.93,130,0
python,30,9,0.0032500000000000003,4.05,0.93,0:03.90,127,0
python,30,9,0.0055000000000000005,4.24,0.96,0:03.98,130,0
python,30,9,0.007750000000000001,4.19,0.78,0:03.91,127,0
python,30,9,0.01,4.13,0.94,0:03.95,128,0
python,30,10,0.001,4.06,0.95,0:04.04,124,0
python,30,10,0.0032500000000000003,4.23,0.84,0:03.93,128,0
python,30,10,0.0055000000000000005,4.26,0.83,0:03.97,128,0
python,30,10,0.007750000000000001,4.08,0.92,0:03.99,125,0
python,30,10,0.01,4.16,0.89,0:03.97,127,0
python,30,11,0.001,4.3,0.78,0:03.98,127,0
python,30,11,0.0032500000000000003,4.41,0.83,0:04.11,127,0
python,30,11,0.0055000000000000005,4.2,0.86,0:03.91,129,0
python,30,11,0.007750000000000001,4.16,0.88,0:04.07,124,0
python,30,11,0.01,4.2,0.82,0:03.96,126,0
python,30,12,0.001,4.15,0.9,0:04.00,126,0
python,30,12,0.0032500000000000003,4.25,0.86,0:03.96,129,0
python,30,12,0.0055000000000000005,4.26,0.89,0:04.05,127,0
python,30,12,0.007750000000000001,4.38,0.77,0:04.02,128,0
python,30,12,0.01,4.15,0.92,0:04.01,126,0
python,30,13,0.001,4.28,0.9,0:04.02,129,0
python,30,13,0.0032500000000000003,4.18,0.9,0:03.92,129,0
python,30,13,0.0055000000000000005,4.22,0.93,0:03.99,129,0
python,30,13,0.007750000000000001,4.26,0.86,0:03.95,129,0
python,30,13,0.01,4.38,0.83,0:04.14,125,0
python,30,14,0.001,4.9,0.9,0:04.86,119,0
python,30,14,0.0032500000000000003,4.37,0.93,0:04.20,126,0
python,30,14,0.0055000000000000005,4.52,0.86,0:04.23,127,0
python,30,14,0.007750000000000001,4.39,0.8,0:04.15,125,0
python,30,14,0.01,4.46,0.75,0:04.06,128,0
python,31,8,0.001,4.19,0.9,0:03.96,128,0
python,31,8,0.0032500000000000003,4.55,0.87,0:04.29,126,0
python,31,8,0.0055000000000000005,4.15,0.89,0:03.99,126,0
python,31,8,0.007750000000000001,4.43,0.88,0:04.24,125,0
python,31,8,0.01,4.35,0.91,0:04.22,124,0
python,31,9,0.001,4.13,0.87,0:03.95,126,0
python,31,9,0.0032500000000000003,4.16,0.89,0:03.93,128,0
python,31,9,0.0055000000000000005,4.13,0.79,0:03.91,125,0
python,31,9,0.007750000000000001,4.14,0.89,0:03.95,127,0
python,31,9,0.01,4.2,0.89,0:03.93,129,0
python,31,10,0.001,4.1,0.94,0:03.97,127,0
python,31,10,0.0032500000000000003,4.23,0.86,0:04.01,127,0
python,31,10,0.0055000000000000005,4.44,0.92,0:04.26,125,0
python,31,10,0.007750000000000001,4.2,0.83,0:03.95,127,0
python,31,10,0.01,4.01,0.99,0:03.94,127,0
python,31,11,0.001,4.22,0.91,0:03.91,131,0
python,31,11,0.0032500000000000003,4.22,0.95,0:04.00,129,0
python,31,11,0.0055000000000000005,4.11,0.88,0:03.95,126,0
python,31,11,0.007750000000000001,4.08,1.03,0:03.93,130,0
python,31,11,0.01,4.13,0.88,0:03.93,127,0
python,31,12,0.001,4.07,0.9,0:03.92,127,0
python,31,12,0.0032500000000000003,4.55,0.69,0:04.09,128,0
python,31,12,0.0055000000000000005,4.14,0.98,0:03.94,129,0
python,31,12,0.007750000000000001,4.28,0.88,0:03.96,130,0
python,31,12,0.01,4.4,0.73,0:03.98,129,0
python,31,13,0.001,3.92,0.98,0:03.84,127,0
python,31,13,0.0032500000000000003,4.19,0.81,0:03.88,128,0
python,31,13,0.0055000000000000005,4.25,0.92,0:04.05,128,0
python,31,13,0.007750000000000001,4.2,0.86,0:03.93,128,0
python,31,13,0.01,4.05,0.92,0:03.92,126,0
python,31,14,0.001,4.21,0.97,0:03.95,131,0
python,31,14,0.0032500000000000003,4.09,0.92,0:03.96,126,0
python,31,14,0.0055000000000000005,4.18,0.84,0:03.92,128,0
python,31,14,0.007750000000000001,4.1,0.88,0:03.92,127,0
python,31,14,0.01,4.19,0.91,0:03.92,129,0
python,32,8,0.001,3.97,0.97,0:03.92,126,0
python,32,8,0.0032500000000000003,4.14,0.98,0:03.94,129,0
python,32,8,0.0055000000000000005,4.39,0.71,0:03.98,128,0
python,32,8,0.007750000000000001,3.89,0.99,0:03.91,124,0
python,32,8,0.01,4.03,1.07,0:04.03,126,0
python,32,9,0.001,4.41,0.74,0:04.01,128,0
python,32,9,0.0032500000000000003,4.27,0.86,0:04.00,128,0
python,32,9,0.0055000000000000005,4.3,0.81,0:04.03,127,0
python,32,9,0.007750000000000001,4.27,0.84,0:04.18,122,0
python,32,9,0.01,4.4,0.87,0:04.17,126,0
python,32,10,0.001,4.09,0.91,0:03.97,125,0
python,32,10,0.0032500000000000003,4.1,0.91,0:04.03,124,0
python,32,10,0.0055000000000000005,4.19,0.95,0:03.97,129,0
python,32,10,0.007750000000000001,4.14,0.88,0:03.95,127,0
python,32,10,0.01,4.07,0.89,0:04.01,123,0
python,32,11,0.001,4.26,0.88,0:03.95,130,0
python,32,11,0.0032500000000000003,4.01,0.96,0:03.89,127,0
python,32,11,0.0055000000000000005,4.04,0.91,0:03.94,125,0
python,32,11,0.007750000000000001,4.24,0.84,0:03.93,129,0
python,32,11,0.01,4.31,0.84,0:04.01,128,0
python,32,12,0.001,4.27,0.89,0:04.04,128,0
python,32,12,0.0032500000000000003,4.21,0.81,0:03.98,126,0
python,32,12,0.0055000000000000005,4.45,0.85,0:04.24,124,0
python,32,12,0.007750000000000001,4.15,0.99,0:03.96,129,0
python,32,12,0.01,4.42,0.86,0:04.09,129,0
python,32,13,0.001,4.01,1.01,0:03.96,127,0
python,32,13,0.0032500000000000003,4.24,0.92,0:03.96,130,0
python,32,13,0.0055000000000000005,4.21,0.8,0:03.89,128,0
python,32,13,0.007750000000000001,4.07,0.94,0:03.98,125,0
python,32,13,0.01,4.36,0.8,0:04.02,128,0
python,32,14,0.001,4.13,0.99,0:03.98,128,0
python,32,14,0.0032500000000000003,4.29,0.84,0:03.98,129,0
python,32,14,0.0055000000000000005,4.23,0.85,0:03.95,128,0
python,32,14,0.007750000000000001,4.14,0.88,0:03.99,125,0
python,32,14,0.01,4.28,0.93,0:04.05,128,0
python,33,8,0.001,4.18,0.94,0:03.98,128,0
python,33,8,0.0032500000000000003,4.56,0.88,0:04.25,127,0
python,33,8,0.0055000000000000005,4.34,0.89,0:03.99,131,0
python,33,8,0.007750000000000001,4.26,0.86,0:04.04,126,0
python,33,8,0.01,4.21,0.87,0:03.91,129,0
python,33,9,0.001,4.31,0.83,0:04.00,128,0
python,33,9,0.0032500000000000003,4.39,0.8,0:04.05,128,0
python,33,9,0.0055000000000000005,4.1,0.92,0:03.92,128,0
python,33,9,0.007750000000000001,4.42,0.8,0:04.02,130,0
python,33,9,0.01,4.29,0.82,0:04.01,127,0
python,33,10,0.001,4.21,0.91,0:03.95,129,0
python,33,10,0.0032500000000000003,4.13,1.01,0:03.88,132,0
python,33,10,0.0055000000000000005,4.11,0.86,0:03.92,126,0
python,33,10,0.007750000000000001,4.52,0.9,0:04.18,129,0
python,33,10,0.01,4.27,0.93,0:03.97,130,0
python,33,11,0.001,4.39,0.81,0:04.01,129,0
python,33,11,0.0032500000000000003,4.28,0.95,0:04.18,125,0
python,33,11,0.0055000000000000005,4.31,0.83,0:03.94,130,0
python,33,11,0.007750000000000001,4.53,0.81,0:04.16,128,0
python,33,11,0.01,4.07,1.0,0:03.92,129,0
python,33,12,0.001,4.2,0.93,0:04.03,127,0
python,33,12,0.0032500000000000003,4.13,0.92,0:04.01,126,0
python,33,12,0.0055000000000000005,4.23,0.79,0:03.91,128,0
python,33,12,0.007750000000000001,4.14,0.99,0:03.95,129,0
python,33,12,0.01,4.65,0.84,0:04.28,128,0
python,33,13,0.001,4.36,0.84,0:04.06,128,0
python,33,13,0.0032500000000000003,4.2,0.84,0:03.97,127,0
python,33,13,0.0055000000000000005,4.2,0.93,0:03.98,129,0
python,33,13,0.007750000000000001,4.16,0.9,0:03.96,127,0
python,33,13,0.01,4.37,0.82,0:03.99,129,0
python,33,14,0.001,4.07,0.9,0:04.00,124,0
python,33,14,0.0032500000000000003,4.18,0.97,0:04.01,128,0
python,33,14,0.0055000000000000005,4.25,0.91,0:04.04,127,0
python,33,14,0.007750000000000001,4.14,0.9,0:04.01,125,0
python,33,14,0.01,4.34,0.86,0:04.00,130,0
python,34,8,0.001,4.24,0.83,0:04.00,126,0
python,34,8,0.0032500000000000003,4.21,0.91,0:03.99,128,0
python,34,8,0.0055000000000000005,4.08,0.87,0:03.94,125,0
python,34,8,0.007750000000000001,4.06,1.07,0:03.95,129,0
python,34,8,0.01,4.25,0.9,0:04.01,128,0
python,34,9,0.001,4.5,0.7,0:04.01,129,0
python,34,9,0.0032500000000000003,4.36,0.76,0:03.92,130,0
python,34,9,0.0055000000000000005,4.13,0.96,0:03.93,129,0
python,34,9,0.007750000000000001,4.13,0.89,0:03.94,127,0
python,34,9,0.01,4.26,0.9,0:03.98,129,0
python,34,10,0.001,4.18,0.87,0:04.04,125,0
python,34,10,0.0032500000000000003,4.27,0.9,0:04.02,128,0
python,34,10,0.0055000000000000005,4.12,0.93,0:03.86,130,0
python,34,10,0.007750000000000001,4.12,0.95,0:03.93,129,0
python,34,10,0.01,4.42,0.86,0:04.15,127,0
python,34,11,0.001,4.19,0.9,0:03.97,128,0
python,34,11,0.0032500000000000003,4.1,0.88,0:04.01,124,0
python,34,11,0.0055000000000000005,4.1,0.99,0:03.93,129,0
python,34,11,0.007750000000000001,4.27,0.87,0:03.99,129,0
python,34,11,0.01,4.24,0.91,0:03.98,129,0
python,34,12,0.001,4.19,0.8,0:03.93,127,0
python,34,12,0.0032500000000000003,4.17,0.82,0:03.92,127,0
python,34,12,0.0055000000000000005,4.12,0.87,0:03.93,126,0
python,34,12,0.007750000000000001,4.01,1.02,0:03.91,128,0
python,34,12,0.01,4.17,0.89,0:03.90,129,0
python,34,13,0.001,4.59,0.89,0:04.26,128,0
python,34,13,0.0032500000000000003,4.6,0.83,0:04.30,126,0
python,34,13,0.0055000000000000005,4.82,0.87,0:04.63,123,0
python,34,13,0.007750000000000001,4.13,0.92,0:03.97,127,0
python,34,13,0.01,4.14,0.91,0:03.98,126,0
python,34,14,0.001,4.27,0.9,0:04.02,128,0
python,34,14,0.0032500000000000003,4.42,0.84,0:04.11,128,0
python,34,14,0.0055000000000000005,4.23,0.98,0:04.03,129,0
python,34,14,0.007750000000000001,4.07,1.02,0:03.97,128,0
python,34,14,0.01,4.39,0.86,0:04.07,129,0
python,28,8,0.001,4.09,0.94,0:03.98,126,0
python,28,8,0.0032500000000000003,4.21,0.93,0:04.08,125,0
python,28,8,0.0055000000000000005,4.3,0.89,0:04.10,126,0
python,28,8,0.007750000000000001,4.22,0.88,0:03.99,127,0
python,28,8,0.01,4.27,0.84,0:04.03,126,0
python,28,9,0.001,4.39,0.74,0:04.03,127,0
python,28,9,0.0032500000000000003,4.06,0.99,0:04.02,125,0
python,28,9,0.0055000000000000005,4.17,0.92,0:03.99,127,0
python,28,9,0.007750000000000001,4.26,0.9,0:03.98,129,0
python,28,9,0.01,4.27,0.94,0:04.02,129,0
python,28,10,0.001,4.32,0.83,0:03.99,129,0
python,28,10,0.0032500000000000003,4.52,0.83,0:04.17,128,0
python,28,10,0.0055000000000000005,4.42,0.77,0:04.11,126,0
python,28,10,0.007750000000000001,4.3,0.82,0:04.00,128,0
python,28,10,0.01,4.37,0.9,0:04.10,128,0
python,28,11,0.001,4.36,0.77,0:04.03,127,0
python,28,11,0.0032500000000000003,4.32,0.91,0:04.04,129,0
python,28,11,0.0055000000000000005,4.38,0.83,0:04.07,128,0
python,28,11,0.007750000000000001,4.25,0.89,0:04.02,127,0
python,28,11,0.01,4.43,0.82,0:04.07,128,0
python,28,12,0.001,4.18,0.83,0:04.08,123,0
python,28,12,0.0032500000000000003,4.3,1.01,0:04.17,127,0
python,28,12,0.0055000000000000005,4.52,0.86,0:04.41,121,0
python,28,12,0.007750000000000001,4.15,0.96,0:04.02,127,0
python,28,12,0.01,4.29,0.89,0:04.18,123,0
python,28,13,0.001,4.18,0.87,0:04.00,126,0
python,28,13,0.0032500000000000003,4.35,0.89,0:04.08,128,0
python,28,13,0.0055000000000000005,4.14,0.92,0:04.05,125,0
python,28,13,0.007750000000000001,4.39,0.85,0:04.21,124,0
python,28,13,0.01,4.17,1.01,0:04.00,129,0
python,28,14,0.001,4.3,0.83,0:04.03,127,0
python,28,14,0.0032500000000000003,4.03,0.94,0:03.95,125,0
python,28,14,0.0055000000000000005,4.34,0.82,0:04.03,128,0
python,28,14,0.007750000000000001,4.26,0.87,0:04.00,128,0
python,28,14,0.01,4.27,0.93,0:03.99,130,0
python,29,8,0.001,4.26,0.82,0:04.04,125,0
python,29,8,0.0032500000000000003,4.27,0.9,0:04.05,127,0
python,29,8,0.0055000000000000005,4.15,0.85,0:03.96,126,0
python,29,8,0.007750000000000001,4.52,0.88,0:04.25,127,0
python,29,8,0.01,4.25,0.82,0:04.14,122,0
python,29,9,0.001,4.43,0.77,0:04.11,126,0
python,29,9,0.0032500000000000003,4.38,0.77,0:04.09,126,0
python,29,9,0.0055000000000000005,4.42,0.89,0:04.21,126,0
python,29,9,0.007750000000000001,4.25,0.92,0:04.14,124,0
python,29,9,0.01,4.3,0.96,0:04.13,127,0
python,29,10,0.001,4.29,0.91,0:03.99,130,0
python,29,10,0.0032500000000000003,4.1,0.97,0:04.03,125,0
python,29,10,0.0055000000000000005,4.37,0.79,0:04.07,127,0
python,29,10,0.007750000000000001,4.2,0.78,0:03.99,124,0
python,29,10,0.01,4.4,0.95,0:04.31,124,0
python,29,11,0.001,4.29,0.85,0:04.10,125,0
python,29,11,0.0032500000000000003,4.29,0.85,0:04.15,123,0
python,29,11,0.0055000000000000005,4.17,0.83,0:04.05,123,0
python,29,11,0.007750000000000001,4.33,0.83,0:04.04,127,0
python,29,11,0.01,4.26,0.81,0:04.04,125,0
python,29,12,0.001,4.3,0.87,0:04.11,125,0
python,29,12,0.0032500000000000003,4.6,0.91,0:04.25,129,0
python,29,12,0.0055000000000000005,4.22,0.9,0:04.06,126,0
python,29,12,0.007750000000000001,4.41,0.79,0:04.01,129,0
python,29,12,0.01,4.25,0.88,0:04.02,127,0
python,29,13,0.001,4.18,0.86,0:04.00,126,0
python,29,13,0.0032500000000000003,4.19,0.9,0:03.97,128,0
python,29,13,0.0055000000000000005,4.31,0.78,0:03.98,128,0
python,29,13,0.007750000000000001,4.26,0.88,0:04.05,126,0
python,29,13,0.01,4.37,0.92,0:04.30,123,0
python,29,14,0.001,4.56,0.81,0:04.32,124,0
python,29,14,0.0032500000000000003,4.1,0.9,0:03.90,128,0
python,29,14,0.0055000000000000005,4.29,0.93,0:04.00,130,0
python,29,14,0.007750000000000001,4.51,0.76,0:04.09,128,0
python,29,14,0.01,4.28,0.88,0:03.99,129,0
python,30,8,0.001,4.33,0.95,0:04.06,130,0
python,30,8,0.0032500000000000003,4.28,0.88,0:04.00,129,0
python,30,8,0.0055000000000000005,4.32,0.91,0:04.03,129,0
python,30,8,0.007750000000000001,4.58,0.84,0:04.34,125,0
python,30,8,0.01,4.22,0.85,0:04.01,126,0
python,30,9,0.001,4.2,0.93,0:04.05,126,0
python,30,9,0.0032500000000000003,4.53,0.84,0:04.22,127,0
python,30,9,0.0055000000000000005,4.26,0.79,0:04.03,125,0
python,30,9,0.007750000000000001,4.45,0.87,0:04.31,123,0
python,30,9,0.01,4.12,0.92,0:04.11,122,0
python,30,10,0.001,4.41,0.89,0:04.15,127,0
python,30,10,0.0032500000000000003,4.26,0.88,0:04.11,125,0
python,30,10,0.0055000000000000005,4.48,0.84,0:04.32,123,0
python,30,10,0.007750000000000001,4.24,0.86,0:04.09,124,0
python,30,10,0.01,4.13,1.03,0:04.24,121,0
python,30,11,0.001,4.84,0.87,0:04.69,121,0
python,30,11,0.0032500000000000003,4.6,0.88,0:04.54,120,0
python,30,11,0.0055000000000000005,4.33,0.82,0:04.05,127,0
python,30,11,0.007750000000000001,4.21,0.88,0:04.09,124,0
python,30,11,0.01,4.22,0.94,0:04.09,126,0
python,30,12,0.001,4.29,0.83,0:04.09,125,0
python,30,12,0.0032500000000000003,4.38,0.82,0:04.06,128,0
python,30,12,0.0055000000000000005,4.22,0.88,0:04.03,126,0
python,30,12,0.007750000000000001,4.36,0.83,0:04.07,127,0
python,30,12,0.01,4.26,0.86,0:04.03,127,0
python,30,13,0.001,4.35,0.86,0:04.06,128,0
python,30,13,0.0032500000000000003,4.29,0.88,0:04.02,128,0
python,30,13,0.0055000000000000005,4.21,0.86,0:03.99,127,0
python,30,13,0.007750000000000001,4.35,0.9,0:04.05,129,0
python,30,13,0.01,4.47,0.74,0:04.08,127,0
python,30,14,0.001,4.21,1.0,0:04.01,129,0
python,30,14,0.0032500000000000003,4.16,0.88,0:04.08,123,0
python,30,14,0.0055000000000000005,4.38,0.86,0:04.10,127,0
python,30,14,0.007750000000000001,4.31,0.89,0:04.10,127,0
python,30,14,0.01,4.12,0.88,0:04.00,124,0
python,31,8,0.001,4.24,0.9,0:04.01,128,0
python,31,8,0.0032500000000000003,4.24,0.89,0:04.05,126,0
python,31,8,0.0055000000000000005,4.22,0.79,0:03.97,126,0
python,31,8,0.007750000000000001,4.26,1.0,0:04.04,130,0
python,31,8,0.01,4.24,0.88,0:04.14,123,0
python,31,9,0.001,4.17,0.91,0:04.07,124,0
python,31,9,0.0032500000000000003,4.3,0.82,0:03.99,128,0
python,31,9,0.0055000000000000005,4.3,0.79,0:04.00,127,0
python,31,9,0.007750000000000001,4.22,0.83,0:03.98,127,0
python,31,9,0.01,4.13,0.91,0:04.04,124,0
python,31,10,0.001,4.25,0.84,0:04.01,127,0
python,31,10,0.0032500000000000003,4.21,0.86,0:03.98,127,0
python,31,10,0.0055000000000000005,4.15,0.94,0:04.03,126,0
python,31,10,0.007750000000000001,4.4,0.84,0:04.04,129,0
python,31,10,0.01,4.04,1.05,0:04.05,125,0
python,31,11,0.001,4.16,0.88,0:03.96,127,0
python,31,11,0.0032500000000000003,4.37,0.79,0:04.01,128,0
python,31,11,0.0055000000000000005,4.17,0.88,0:03.98,126,0
python,31,11,0.007750000000000001,4.09,0.95,0:03.98,126,0
python,31,11,0.01,4.57,0.83,0:04.26,126,0
python,31,12,0.001,4.4,0.81,0:04.01,130,0
python,31,12,0.0032500000000000003,4.32,0.88,0:04.03,128,0
python,31,12,0.0055000000000000005,4.35,0.8,0:03.95,130,0
python,31,12,0.007750000000000001,4.21,0.92,0:04.13,124,0
python,31,12,0.01,4.32,0.9,0:04.02,129,0
python,31,13,0.001,4.27,0.83,0:04.06,125,0
python,31,13,0.0032500000000000003,4.37,0.92,0:04.08,129,0
python,31,13,0.0055000000000000005,4.26,0.86,0:04.05,126,0
python,31,13,0.007750000000000001,4.67,0.79,0:04.28,127,0
python,31,13,0.01,4.27,0.74,0:03.99,125,0
python,31,14,0.001,4.32,0.8,0:04.02,127,0
python,31,14,0.0032500000000000003,4.37,0.81,0:04.07,127,0
python,31,14,0.0055000000000000005,4.58,0.89,0:04.35,125,0
python,31,14,0.007750000000000001,4.26,0.95,0:04.04,129,0
python,31,14,0.01,4.38,0.98,0:04.21,127,0
python,32,8,0.001,4.16,0.87,0:04.05,124,0
python,32,8,0.0032500000000000003,4.43,0.83,0:04.12,127,0
python,32,8,0.0055000000000000005,4.47,0.78,0:04.14,126,0
python,32,8,0.007750000000000001,4.36,0.93,0:04.15,127,0
python,32,8,0.01,4.27,0.84,0:04.13,123,0
python,32,9,0.001,4.14,0.88,0:04.08,123,0
python,32,9,0.0032500000000000003,4.21,0.87,0:04.02,126,0
python,32,9,0.0055000000000000005,4.27,0.85,0:04.03,127,0
python,32,9,0.007750000000000001,4.11,0.92,0:03.99,126,0
python,32,9,0.01,4.24,0.83,0:04.04,125,0
python,32,10,0.001,4.22,0.94,0:04.00,128,0
python,32,10,0.0032500000000000003,4.33,0.79,0:04.06,125,0
python,32,10,0.0055000000000000005,4.31,0.76,0:04.01,126,0
python,32,10,0.007750000000000001,4.35,0.76,0:03.99,128,0
python,32,10,0.01,4.53,0.67,0:04.04,128,0
python,32,11,0.001,4.28,0.83,0:04.01,127,0
python,32,11,0.0032500000000000003,4.54,0.82,0:04.15,128,0
python,32,11,0.0055000000000000005,4.23,0.94,0:04.03,128,0
python,32,11,0.007750000000000001,4.36,0.82,0:04.04,128,0
python,32,11,0.01,4.26,0.92,0:04.11,125,0
python,32,12,0.001,4.27,0.83,0:04.00,127,0
python,32,12,0.0032500000000000003,4.26,0.88,0:04.03,127,0
python,32,12,0.0055000000000000005,4.17,0.88,0:04.03,125,0
python,32,12,0.007750000000000001,4.32,0.87,0:04.01,129,0
python,32,12,0.01,4.2,0.86,0:04.01,126,0
python,32,13,0.001,4.24,0.9,0:03.98,129,0
python,32,13,0.0032500000000000003,4.1,0.96,0:04.00,126,0
python,32,13,0.0055000000000000005,4.2,0.93,0:04.00,128,0
python,32,13,0.007750000000000001,4.25,0.84,0:04.03,126,0
python,32,13,0.01,4.27,0.9,0:04.01,128,0
python,32,14,0.001,4.33,0.91,0:04.12,127,0
python,32,14,0.0032500000000000003,4.28,0.94,0:04.05,128,0
python,32,14,0.0055000000000000005,4.16,0.92,0:03.98,127,0
python,32,14,0.007750000000000001,4.1,0.86,0:04.04,122,0
python,32,14,0.01,4.07,1.04,0:04.13,123,0
python,33,8,0.001,4.38,0.92,0:04.19,126,0
python,33,8,0.0032500000000000003,4.49,0.81,0:04.10,129,0
python,33,8,0.0055000000000000005,4.18,0.9,0:04.01,126,0
python,33,8,0.007750000000000001,4.33,0.81,0:03.99,129,0
python,33,8,0.01,4.23,0.93,0:03.99,129,0
python,33,9,0.001,4.14,0.95,0:03.97,128,0
python,33,9,0.0032500000000000003,4.27,0.88,0:04.01,128,0
python,33,9,0.0055000000000000005,4.22,0.98,0:04.00,130,0
python,33,9,0.007750000000000001,4.33,0.9,0:03.98,131,0
python,33,9,0.01,4.08,1.02,0:03.97,128,0
python,33,10,0.001,4.22,0.95,0:03.97,130,0
python,33,10,0.0032500000000000003,4.36,0.88,0:04.02,130,0
python,33,10,0.0055000000000000005,4.18,0.93,0:04.07,125,0
python,33,10,0.007750000000000001,4.34,0.8,0:04.03,127,0
python,33,10,0.01,4.23,0.94,0:03.99,129,0
python,33,11,0.001,4.14,0.95,0:03.99,127,0
python,33,11,0.0032500000000000003,4.17,0.84,0:04.02,124,0
python,33,11,0.0055000000000000005,4.24,0.98,0:04.05,128,0
python,33,11,0.007750000000000001,4.22,0.99,0:04.07,128,0
python,33,11,0.01,4.26,1.01,0:04.16,126,0
python,33,12,0.001,4.37,0.83,0:04.03,129,0
python,33,12,0.0032500000000000003,4.35,0.84,0:04.04,128,0
python,33,12,0.0055000000000000005,4.23,0.8,0:04.04,124,0
python,33,12,0.007750000000000001,4.23,0.94,0:04.08,126,0
python,33,12,0.01,4.33,0.92,0:04.20,125,0
python,33,13,0.001,4.34,0.79,0:04.09,125,0
python,33,13,0.0032500000000000003,4.33,0.83,0:04.10,125,0
python,33,13,0.0055000000000000005,4.18,0.86,0:04.04,124,0
python,33,13,0.007750000000000001,4.2,0.94,0:04.14,124,0
python,33,13,0.01,4.25,0.91,0:04.10,125,0
python,33,14,0.001,4.33,0.92,0:04.15,126,0
python,33,14,0.0032500000000000003,4.25,1.02,0:04.10,128,0
python,33,14,0.0055000000000000005,4.08,0.97,0:04.03,125,0
python,33,14,0.007750000000000001,4.28,0.83,0:03.99,128,0
python,33,14,0.01,4.22,1.02,0:04.09,128,0
python,34,8,0.001,4.42,0.77,0:04.08,127,0
python,34,8,0.0032500000000000003,4.88,0.87,0:04.66,123,0
python,34,8,0.0055000000000000005,4.59,0.81,0:04.40,123,0
python,34,8,0.007750000000000001,4.44,0.9,0:04.17,127,0
python,34,8,0.01,4.24,0.91,0:04.07,126,0
python,34,9,0.001,4.26,0.83,0:04.04,125,0
python,34,9,0.0032500000000000003,4.16,0.98,0:04.01,128,0
python,34,9,0.0055000000000000005,4.18,0.88,0:04.08,124,0
python,34,9,0.007750000000000001,4.23,0.89,0:04.08,125,0
python,34,9,0.01,4.32,0.88,0:04.09,127,0
python,34,10,0.001,4.45,0.89,0:04.16,128,0
python,34,10,0.0032500000000000003,4.31,0.84,0:04.07,126,0
python,34,10,0.0055000000000000005,4.22,0.86,0:03.94,128,0
python,34,10,0.007750000000000001,4.41,0.75,0:03.96,130,0
python,34,10,0.01,4.21,0.91,0:04.04,126,0
python,34,11,0.001,4.44,0.86,0:04.13,128,0
python,34,11,0.0032500000000000003,4.33,0.82,0:04.07,126,0
python,34,11,0.0055000000000000005,4.33,0.94,0:04.06,130,0
python,34,11,0.007750000000000001,4.29,0.82,0:04.12,123,0
python,34,11,0.01,4.31,0.89,0:04.15,125,0
python,34,12,0.001,4.27,0.91,0:03.98,130,0
python,34,12,0.0032500000000000003,4.18,0.95,0:04.12,124,0
python,34,12,0.0055000000000000005,4.56,0.85,0:04.28,126,0
python,34,12,0.007750000000000001,4.42,0.85,0:04.20,125,0
python,34,12,0.01,4.17,0.96,0:04.11,124,0
python,34,13,0.001,4.58,0.86,0:04.30,126,0
python,34,13,0.0032500000000000003,4.15,0.93,0:04.02,126,0
python,34,13,0.0055000000000000005,4.34,0.89,0:04.16,125,0
python,34,13,0.007750000000000001,4.34,0.93,0:04.18,126,0
python,34,13,0.01,4.68,0.91,0:04.48,124,0
python,34,14,0.001,4.99,0.94,0:04.88,121,0
python,34,14,0.0032500000000000003,4.78,0.83,0:04.56,123,0
python,34,14,0.0055000000000000005,4.45,0.88,0:04.26,125,0
python,34,14,0.007750000000000001,4.07,0.95,0:03.89,129,0
python,34,14,0.01,5.12,0.91,0:04.83,124,0
